id;item;path;name;date;;;;
25;schwurbelarchiv-13rYL2xWy4;;💬 BERLIN steht AUF - Diskussion/Chat;16052021;;;;
27;schwurbelarchiv-162cdmX6DL;;Freiheitsboten_AugsburgZentrum;29112020;;;;
71;schwurbelarchiv-35tRZjydCB;;Freiheitsboten_Augsburg_Infokanal;29112020;;;;
78;schwurbelarchiv-3RF3vrOCEb;;Freiheitsboten_Nürnberg /Mittelfranken;22112020;;;;
92;schwurbelarchiv-41F90UXTCl;;Freiheitsboten_Landkreis_Augsburg_WEST;29112020;;;;
111;schwurbelarchiv-4riBvGsSq4;;Freiheitsboten_HochzollSpickel-Augsburg;29112020;;;;
166;schwurbelarchiv-7TfTcXugN4;;Freiheitsboten Augsburg-Oberhausen;29112020;;;;
205;schwurbelarchiv-9DpLYXkGsH;;Freiheitsboten_Augsburg;29112020;;;;
234;schwurbelarchiv-AbWZOaWpCo;;Thüringen steht auf! (Öffentlicher Talk);29122020;;;;
292;schwurbelarchiv-DIxrNAFZYl;;Thüringen steht auf! (Öffentlicher Talk);29122020;;;;
314;schwurbelarchiv-ESkFJZMA8u;;Freiheitsboten München SüdWest;3062021;;;;
387;schwurbelarchiv-HJmOiP7hRs;;Thüringen steht auf! (Öffentlicher Talk);28122020;;;;
405;schwurbelarchiv-IG85gPyVp6;;Freiheitsboten_München_SüdWest Kanal;3062021;;;;
464;schwurbelarchiv-KXcaPztDnB;;Freiheitsboten Bezirk Hartberg / Fürstenfeld;29112020;;;;
466;schwurbelarchiv-KclSZFbHx4;;📢 BERLIN steht auf - INFO-Kanal;16052021;;;;
500;schwurbelarchiv-Lq5m6WY0Qr;;Freiheitsboten München Laim;3062021;;;;
524;schwurbelarchiv-NKAaev2eFz;;Freiheitsboten_Frankfurt_Flyer;22112020;;;;
567;schwurbelarchiv-P45pyBpVnz;;Freiheitsboten_Chat;22112020;;;;
691;schwurbelarchiv-Uq6UTLPQZY;;Freiheitsboten_Leipzig;22112020;;;;
803;schwurbelarchiv-Zti4zHx3Ds;;Freiheitsboten_München;22112020;;;;
829;schwurbelarchiv-bNXrjI4B9f;;THÜRINGEN steht auf! - Das neue System 2020;28122020;;;;
948;schwurbelarchiv-gfBbPtIZjz;;Freiheitsboten_München_Mitte;3062021;;;;
1054;schwurbelarchiv-kxKQNtYQgP;;🎦 eigene Fotos/Videos * BERLIN steht AUF;17052021;;;;
1057;schwurbelarchiv-l6904ftWD4;;Freiheitsboten_Berlin;22112020;;;;
1180;schwurbelarchiv-qtbDrdOp5h;;Freiheitsboten_München_Mitte;3062021;;;;
1238;schwurbelarchiv-tFl8puwymJ;;Freiheitsboten_München;3062021;;;;
1320;schwurbelarchiv-x9IUS6Oidr;;Freiheitsboten_München;22112020;;;;
1350;schwurbelarchiv-yLxs1cYTn3;;Freiheitsboten MVV-Bereich München;3062021;;;;
1410;schwurbelarchiv-RXR2VMXZpr;;📢 BARnim steht AUF (Info-Kanal);12052021;;;;
3073;schwurbelarchiv-FZOe0NLGpo;;Freiheitsboten_Ideensammlung Aktiv;21062021;;;;
3129;schwurbelarchiv-rzruzDWxGK;;Freiheitsboten Flyer;21062021;;;;
3549;schwurbelarchiv-H9B9bbY0B5;;Rostock steht auf;25062021;;;;
3551;schwurbelarchiv-JNODKbzo5j;;Brandenburg steht auf!!;25062021;;;;
3628;schwurbelarchiv-92Ior0CLSZ;;Das sind Wir - Münster steht auf;26062021;;;;
3680;schwurbelarchiv-4vLN0dtn34;;Brandenburg steht auf Freiheit!;27062021;;;;
3683;schwurbelarchiv-6oO4Q9L5Vm;;💬 Land BRANDENBURG steht AUF - Chat;27062021;;;;
3702;schwurbelarchiv-RQVnhK4avw;;Landkreis ELBE-ELSTER steht AUF;27062021;;;;
3725;schwurbelarchiv-sp1eXbaL6f;;📢 Land BRANDENBURG steht AUF - INFO-Kanal;27062021;;;;
3846;schwurbelarchiv-XYWmK5DENX;;🎦 eigene Fotos/Videos * BRANDENBURG steht AUF!;29062021;;;;
4061;schwurbelarchiv-3OkH3fUVAx;;HOHENSCHÖNHAUSEN steht AUF!;4072021;;;;
4066;schwurbelarchiv-9oDIO1Y4ZY;;🧩 REINICKENDORF steht AUF!;4072021;;;;
4069;schwurbelarchiv-CCByhyD4ZP;;🧩 SPANDAU steht AUF!;4072021;;;;
4075;schwurbelarchiv-H8nRrjnPQU;;KARLSHORST steht AUF!;4072021;;;;
4078;schwurbelarchiv-KJMfcwNFXk;;🧩 CHARLOTTENBURG-WILMERSDORF steht auf;4072021;;;;
4080;schwurbelarchiv-NLLcWNh296;;🧩 STEGLITZ-ZEHLENDORF steht auf;4072021;;;;
4091;schwurbelarchiv-Zh9blauiAA;;🧩 MITTE steht AUF!;4072021;;;;
4094;schwurbelarchiv-iBcqxkUOg2;;Thüringen steht auf! (Öffentlicher Talk);4072021;;;;
4097;schwurbelarchiv-kOXvrUzJ2c;;🧩 TEMPELHOF-SCHÖNEBERG steht AUF!;4072021;;;;
4098;schwurbelarchiv-lNtnSXDOJk;;POTSDAM MITTELMARK steht AUF;4072021;;;;
4100;schwurbelarchiv-mLAeaXeODK;;🧩 MARZAHN-HELLERSDORF steht Auf!;4072021;;;;
4102;schwurbelarchiv-phxdT7h0dj;;🧩 LICHTENBERG steht AUF!;4072021;;;;
4103;schwurbelarchiv-qFihm7SaKi;;🧩 NEUKÖLLN steht auf;4072021;;;;
4106;schwurbelarchiv-v1ARq3jeWT;;🧩 PANKOW steht auf;4072021;;;;
4109;schwurbelarchiv-whHUNg49Ot;;🧩 FRIEDRICHSHAIN-KREUZBERG steht auf;4072021;;;;
4136;schwurbelarchiv-lOCGjmzoDE;;📢 MV steht AUF - INFO-Kanal;4072021;;;;
4174;schwurbelarchiv-hgVNA3KRlB;;Nastätten steht auf;5072021;;;;
4247;schwurbelarchiv-oOxEu2pToV;;Mitteldeutschland Steht Auf;6072021;;;;
4248;schwurbelarchiv-onBK6MKI6p;;Fahrgemeinschaft Mitteldeutschland steht auf und bewegt sich. MD Chat;6072021;;;;
4511;schwurbelarchiv-lIBOUDB3zF;;Freiheitsboten Baden;14072021;;;;
4661;schwurbelarchiv-FJDOfTQtIX;;Chemnitz steht Auf;17072021;;;;
4699;schwurbelarchiv-9SEKHeMCBN;;Freiheitsboten Austauschgruppe;18072021;;;;
4735;schwurbelarchiv-kmGSE2ylUN;;Freiheitsboten Starthilfe;18072021;;;;
5460;schwurbelarchiv-T8vlRIxTGJ;;Freiheitsboten_Bitterfeld-Wolfen_Chat;4082021;;;;
5596;schwurbelarchiv-3fJNiaNi20;;Freiheitsboten 28199 Bremen Neustadt;9082021;;;;
5597;schwurbelarchiv-4WQ9Lrav6R;;Freiheitsboten_28359 Bremen;9082021;;;;
5599;schwurbelarchiv-4llD3GZdfi;;Freiheitsboten_28203 Bremen Mitte - östliche Vorstadt;9082021;;;;
5602;schwurbelarchiv-5xAAz9t4wT;;Freiheitsboten_28277 Bremen Kattenesch;9082021;;;;
5603;schwurbelarchiv-6CkmKOlEDn;;Hamburg steht auf;9082021;;;;
5604;schwurbelarchiv-7u5Q4aoORo;;Freiheitsboten_Bremerhaven;9082021;;;;
5615;schwurbelarchiv-RHq54MpcaU;;Monheim am Rhein steht auf;9082021;;;;
5616;schwurbelarchiv-T9gVM0DDdP;;Freiheitsboten_28755 Bremen-Nord;9082021;;;;
5620;schwurbelarchiv-VOT5aLn85W;;Freiheitsboten_Bremen;9082021;;;;
5627;schwurbelarchiv-gK7nkhIPIr;;Freiheitsboten_28355 Bremen;9082021;;;;
5632;schwurbelarchiv-sM1tY91rtr;;Freiheitsboten_28719Bremen;9082021;;;;
5635;schwurbelarchiv-x2w0la5lbX;;Freiheitsboten_28215 HB Findorff;9082021;;;;
5638;schwurbelarchiv-12zb2jUUB5;;Parchim MV steht auf!;9082021;;;;
5649;schwurbelarchiv-cTQJDALNsv;;POTSDAM steht AUF;9082021;;;;
5665;schwurbelarchiv-DWHXAcu98b;;Brandenburg steht auf;11082021;;;;
5677;schwurbelarchiv-SlTNwI994y;;PRIGNITZ steht AUF;11082021;;;;
5691;schwurbelarchiv-snI99dpGwl;;Freiheitsboten_Nürnberg+Umgebung;11082021;;;;
5699;schwurbelarchiv-5ZPem4hOla;;CELLE / Hannover steht auf;12082021;;;;
6078;schwurbelarchiv-HZHaJQAZgE;;Buchen steht auf! TERMINE;27082021;;;;
6672;schwurbelarchiv-DBba4NjgwG;;Hamburg-Bergedorf Freiheitsboten;18092021;;;;
6717;schwurbelarchiv-sDZmWaPRXU;;Freiheitsboten Emmendingen, Kaiserstuhl;18092021;;;;
6791;schwurbelarchiv-1zwsHR51cw;;[S] MZG / Freiheitsboten Merzig Startgruppe;25092021;;;;
6802;schwurbelarchiv-SGib6zRxcB;;Freiheitsboten_landau_an_der_isar;26092021;;;;
6804;schwurbelarchiv-TNyuN7lIzF;;Freiheitsboten Marburg;26092021;;;;
6812;schwurbelarchiv-yKk3ZffpVq;;Freiheitsboten_Merzig;25092021;;;;
6814;schwurbelarchiv-80Sw6W4iU2;;Freiheitsboten_Leverkusen;26092021;;;;
6816;schwurbelarchiv-BOofXn3n7h;;Freiheitsboten_CHAT_Rheinhessen_&_Umgebung;26092021;;;;
6819;schwurbelarchiv-KBBMiaJIsW;;Freiheitsboten_Kyffhaeuserkreis;26092021;;;;
6829;schwurbelarchiv-ldMkyvnWMn;;Freiheitsboten_Kreis_Bergstraße;26092021;;;;
6830;schwurbelarchiv-ludoOCSBoN;;Freiheitsboten_mosbach und Umgebung;26092021;;;;
7271;schwurbelarchiv-1rW7sKd7CD;;Oberhavel steht auf - 330 OHV - Forum/Chat;30102021;;;;
7300;schwurbelarchiv-j6KIqmqt4S;;OBERHAVEL steht AUF;30102021;;;;
7301;schwurbelarchiv-k0eohVhfDE;;Oberhavel steht auf - 330 (OHV-Chat);30102021;;;;
7303;schwurbelarchiv-kKXzMvomgk;;Landkreis Oberhavel steht auf;30102021;;;;
7307;schwurbelarchiv-o5BIpEsuPr;;Oberhavel steht auf - 330 OHV -Infokanal;30102021;;;;
7323;schwurbelarchiv-PCdpvneMES;;Freiheitsboten_Sigmaringen;1112021;;;;
7329;schwurbelarchiv-rwFRSOutgK;;Sigmaringen steht auf [Kanal];1112021;;;;
7406;schwurbelarchiv-qd60RHTPJw;;@Freiheitsboten_berlin_1416-3/5/7/9;10112021;;;;
7418;schwurbelarchiv-ZwIH2DzmWg;;Freiheitsboten_Eichsfeld;11112021;;;;
7420;schwurbelarchiv-lDobCFaR2c;;Freiheitsboten Ansbach Landkreis;11112021;;;;
7457;schwurbelarchiv-5qWRs9hknH;;Freiheitsboten_Eching;15112021;;;;
7458;schwurbelarchiv-8ObWoD5mhd;;Freiheitsboten_Hanau;16112021;;;;
7462;schwurbelarchiv-GNOOgoqJeR;;Freiheitsboten_Heilbronn;15112021;;;;
7465;schwurbelarchiv-YhmAHco8Na;;Freiheitsboten Hegau;15112021;;;;
7476;schwurbelarchiv-6EyAUmr8t9;;Freiheitsboten_Duisburg;19112021;;;;Gruppe
7478;schwurbelarchiv-GkRhh8KoI5;;STRALSUND STEHT AUF;16112021;;;;
7482;schwurbelarchiv-NhTL5YrpUd;;Freiheitsboten Oldesloe;16112021;;;;
7492;schwurbelarchiv-nHfXYJs2W2;;Freiheitsboten Mittelsachsen;19112021;;;;
7538;schwurbelarchiv-4lNbfGoFCw;;!!!München STEHT AUF!!!;25112021;;;;
7679;schwurbelarchiv-MK6mRFsuvC;;Freiheitsboten Schutterwald;3122021;;;;
7688;schwurbelarchiv-Zbc8awf3gm;;Freiheitsboten_Hochtaunuskreis;3122021;;;;
7777;schwurbelarchiv-VFq6wJ6uon;;Freiheitsboten Königs Wusterhausen;7122021;;;;
7816;schwurbelarchiv-D4XndWczUU;;🏞 Muldental steht auf! Wurzen - Grimma - Colditz - Brandis - Naunhof - Trebsen - Bad Lausick - Machern - Mutzschen - Nerchau;10122021;;;;
7845;schwurbelarchiv-i8h0r5BxeE;;🏞 Muldental steht auf! Wurzen - Grimma - Colditz Diskussion;10122021;;;;
